object_id,asset_name,asset_type
10112,S10112,"SNOW QUICK HITCH"
10125,"S10125 ","SNOW QUICK HITCH"
10135,S10135,"SNOW QUICK HITCH"
10136,S10136,"SNOW QUICK HITCH"
10138,S10138,"SNOW QUICK HITCH"
10143,S10143,"SNOW QUICK HITCH"
10147,S10147,"SNOW QUICK HITCH"
10148,S10148,"SNOW QUICK HITCH"
10149,S10149,"SNOW QUICK HITCH"
10151,S10151,"SNOW QUICK HITCH"
10170,S10170,"SNOW QUICK HITCH"
10175,S10175,"SNOW QUICK HITCH"
10622,S10622,"SNOW QUICK HITCH"
10625,S10625,"SNOW QUICK HITCH"
10644,S10644,"SNOW QUICK HITCH"
10740,S10740,"SNOW QUICK HITCH"
10753,S10753,"SNOW QUICK HITCH"
10774,S10774,"SNOW QUICK HITCH"
10775,S10775,"SNOW QUICK HITCH"
10805,S10805,"SNOW QUICK HITCH"
10809,S10809,"SNOW QUICK HITCH"
10816,S10816,"SNOW QUICK HITCH"
10833,S10833,"SNOW QUICK HITCH"
10852,S10852,"SNOW QUICK HITCH"
10853,S10853,"SNOW QUICK HITCH"
10894,S10894,"SNOW QUICK HITCH"
11300,S11300,"SNOW SALT SPREADER"
11301,S11301,"SNOW SALT SPREADER"
11302,S11302,"SNOW SALT SPREADER"
11303,S11303,"SNOW SALT SPREADER"
11304,S11304,"SNOW SALT SPREADER"
11305,S11305,"SNOW SALT SPREADER"
11306,S11306,"SNOW SALT SPREADER"
11307,S11307,"SNOW SALT SPREADER"
11308,S11308,"SNOW SALT SPREADER"
11309,S11309,"SNOW SALT SPREADER"
11310,S11310,"SNOW SALT SPREADER"
11311,S11311,"SNOW SALT SPREADER"
11312,S11312,"SNOW SALT SPREADER"
11313,S11313,"SNOW SALT SPREADER"
11315,S11315,"SNOW SALT SPREADER"
11316,S11316,"SNOW SALT SPREADER"
11317,S11317,"SNOW SALT SPREADER"
11318,S11318,"SNOW SALT SPREADER"
11319,S11319,"SNOW SALT SPREADER"
11320,S11320,"SNOW SALT SPREADER"
11321,S11321,"SNOW SALT SPREADER"
11322,S11322,"SNOW SALT SPREADER"
11323,S11323,"SNOW SALT SPREADER"
11324,S11324,"SNOW SALT SPREADER"
11325,S11325,"SNOW SALT SPREADER"
11326,S11326,"SNOW SALT SPREADER"
11327,S11327,"SNOW SALT SPREADER"
11328,S11328,"SNOW SALT SPREADER"
11329,S11329,"SNOW SALT SPREADER"
11330,S11330,"SNOW SALT SPREADER"
11331,S11331,"SNOW SALT SPREADER"
11332,S11332,"SNOW SALT SPREADER"
11333,S11333,"SNOW SALT SPREADER"
11334,S11334,"SNOW SALT SPREADER"
11335,S11335,"SNOW SALT SPREADER"
11336,S11336,"SNOW SALT SPREADER"
11337,S11337,"SNOW SALT SPREADER"
11338,S11338,"SNOW SALT SPREADER"
11339,S11339,"SNOW SALT SPREADER"
11340,S11340,"SNOW SALT SPREADER"
11341,S11341,"SNOW SALT SPREADER"
11342,S11342,"SNOW SALT SPREADER"
11343,S11343,"SNOW SALT SPREADER"
11344,S11344,"SNOW SALT SPREADER"
11345,S11345,"SNOW SALT SPREADER"
11346,S11346,"SNOW SALT SPREADER"
11347,S11347,"SNOW SALT SPREADER"
11348,S11348,"SNOW SALT SPREADER"
11349,S11349,"SNOW SALT SPREADER"
11350,S11350,"SNOW SALT SPREADER"
11351,S11351,"SNOW SALT SPREADER"
11352,S11352,"SNOW SALT SPREADER"
11353,S11353,"SNOW SALT SPREADER"
11354,S11354,"SNOW SALT SPREADER"
11355,S11355,"SNOW SALT SPREADER"
11356,S11356,"SNOW SALT SPREADER"
11357,S11357,"SNOW SALT SPREADER"
11358,S11358,"SNOW SALT SPREADER"
11359,S11359,"SNOW SALT SPREADER"
11360,S11360,"SNOW SALT SPREADER"
11361,S11361,"SNOW SALT SPREADER"
11363,S11363,"SNOW SALT SPREADER"
11364,S11364,"SNOW SALT SPREADER"
11365,S11365,"SNOW SALT SPREADER"
11366,S11366,"SNOW SALT SPREADER"
11367,S11367,"SNOW SALT SPREADER"
11368,S11368,"SNOW SALT SPREADER"
11369,S11369,"SNOW SALT SPREADER"
11370,S11370,"SNOW SALT SPREADER"
11371,S11371,"SNOW SALT SPREADER"
11372,S11372,"SNOW SALT SPREADER"
11373,S11373,"SNOW SALT SPREADER"
11374,S11374,"SNOW SALT SPREADER"
11375,S11375,"SNOW SALT SPREADER"
11376,S11376,"SNOW SALT SPREADER"
11377,S11377,"SNOW SALT SPREADER"
11378,S11378,"SNOW SALT SPREADER"
11379,S11379,"SNOW SALT SPREADER"
11380,S11380,"SNOW SALT SPREADER"
11381,S11381,"SNOW SALT SPREADER"
11382,S11382,"SNOW SALT SPREADER"
11383,S11383,"SNOW SALT SPREADER"
11384,S11384,"SNOW SALT SPREADER"
11385,S11385,"SNOW SALT SPREADER"
11600,S11600,"SNOW SALT SPREADER"
11601,S11601,"SNOW SALT SPREADER"
11602,S11602,"SNOW SALT SPREADER"
11603,S11603,"SNOW SALT SPREADER"
11604,S11604,"SNOW SALT SPREADER"
11605,S11605,"SNOW SALT SPREADER"
11606,S11606,"SNOW SALT SPREADER"
11607,S11607,"SNOW SALT SPREADER"
11608,S11608,"SNOW SALT SPREADER"
11609,S11609,"SNOW SALT SPREADER"
11610,S11610,"SNOW SALT SPREADER"
11612,S11612,"SNOW SALT SPREADER"
11613,S11613,"SNOW SALT SPREADER"
11614,S11614,"SNOW SALT SPREADER"
11615,S11615,"SNOW SALT SPREADER"
11616,S11616,"SNOW SALT SPREADER"
11617,S11617,"SNOW SALT SPREADER"
11619,S11619,"SNOW SALT SPREADER"
11620,S11620,"SNOW SALT SPREADER"
11621,S11621,"SNOW SALT SPREADER"
11622,S11622,"SNOW SALT SPREADER"
11623,S11623,"SNOW SALT SPREADER"
11624,S11624,"SNOW SALT SPREADER"
11625,S11625,"SNOW SALT SPREADER"
11626,S11626,"SNOW SALT SPREADER"
11627,S11627,"SNOW SALT SPREADER"
11628,S11628,"SNOW SALT SPREADER"
11629,S11629,"SNOW SALT SPREADER"
11630,S11630,"SNOW SALT SPREADER"
11631,S11631,"SNOW SALT SPREADER"
11632,S11632,"SNOW SALT SPREADER"
11633,S11633,"SNOW SALT SPREADER"
11634,S11634,"SNOW SALT SPREADER"
11635,S11635,"SNOW SALT SPREADER"
11636,S11636,"SNOW SALT SPREADER"
11637,S11637,"SNOW SALT SPREADER"
11638,S11638,"SNOW SALT SPREADER"
11639,S11639,"SNOW SALT SPREADER"
11640,S11640,"SNOW SALT SPREADER"
11641,S11641,"SNOW SALT SPREADER"
11642,S11642,"SNOW SALT SPREADER"
11643,S11643,"SNOW SALT SPREADER"
11644,S11644,"SNOW SALT SPREADER"
11645,S11645,"SNOW SALT SPREADER"
11646,S11646,"SNOW SALT SPREADER"
11647,S11647,"SNOW SALT SPREADER"
11648,S11648,"SNOW SALT SPREADER"
11649,S11649,"SNOW SALT SPREADER"
11650,S11650,"SNOW SALT SPREADER"
11651,S11651,"SNOW SALT SPREADER"
11653,S11653,"SNOW SALT SPREADER"
11654,S11654,"SNOW SALT SPREADER"
11655,S11655,"SNOW SALT SPREADER"
11656,S11656,"SNOW SALT SPREADER"
11657,S11657,"SNOW SALT SPREADER"
11658,S11658,"SNOW SALT SPREADER"
11659,S11659,"SNOW SALT SPREADER"
11660,S11660,"SNOW SALT SPREADER"
11661,S11661,"SNOW SALT SPREADER"
11662,S11662,"SNOW SALT SPREADER"
11663,S11663,"SNOW SALT SPREADER"
11664,S11664,"SNOW SALT SPREADER"
11667,S11667,"SNOW SALT SPREADER"
11668,S11668,"SNOW SALT SPREADER"
11669,S11669,"SNOW SALT SPREADER"
11670,S11670,"SNOW SALT SPREADER"
11671,S11671,"SNOW SALT SPREADER"
11672,S11672,"SNOW SALT SPREADER"
11673,S11673,"SNOW SALT SPREADER"
11674,S11674,"SNOW SALT SPREADER"
11675,S11675,"SNOW SALT SPREADER"
11676,S11676,"SNOW SALT SPREADER"
11677,S11677,"SNOW SALT SPREADER"
11678,S11678,"SNOW SALT SPREADER"
11679,S11679,"SNOW SALT SPREADER"
11681,S11681,"SNOW SALT SPREADER"
11682,S11682,"SNOW SALT SPREADER"
11684,S11684,"SNOW SALT SPREADER"
11685,S11685,"SNOW SALT SPREADER"
11686,S11686,"SNOW SALT SPREADER"
11687,S11687,"SNOW SALT SPREADER"
11688,S11688,"SNOW SALT SPREADER"
11689,S11689,"SNOW SALT SPREADER"
11691,S11691,"SNOW SALT SPREADER"
11692,S11692,"SNOW SALT SPREADER"
11693,S11693,"SNOW SALT SPREADER"
11695,S11695,"SNOW SALT SPREADER"
11696,S11696,"SNOW SALT SPREADER"
11697,S11697,"SNOW SALT SPREADER"
11700,S11700,"SNOW SALT SPREADER"
11701,S11701,"SNOW SALT SPREADER"
11702,S11702,"SNOW SALT SPREADER"
11703,S11703,"SNOW SALT SPREADER"
11704,S11704,"SNOW SALT SPREADER"
11705,S11705,"SNOW SALT SPREADER"
11706,S11706,"SNOW SALT SPREADER"
11707,S11707,"SNOW SALT SPREADER"
11708,S11708,"SNOW SALT SPREADER"
11709,S11709,"SNOW SALT SPREADER"
11710,S11710,"SNOW SALT SPREADER"
11711,S11711,"SNOW SALT SPREADER"
11712,S11712,"SNOW SALT SPREADER"
11713,S11713,"SNOW SALT SPREADER"
11714,S11714,"SNOW SALT SPREADER"
11715,S11715,"SNOW SALT SPREADER"
11716,S11716,"SNOW SALT SPREADER"
11717,S11717,"SNOW SALT SPREADER"
11718,S11718,"SNOW SALT SPREADER"
11719,S11719,"SNOW SALT SPREADER"
11720,S11720,"SNOW SALT SPREADER"
11721,S11721,"SNOW SALT SPREADER"
11722,S11722,"SNOW SALT SPREADER"
11723,S11723,"SNOW SALT SPREADER"
11724,S11724,"SNOW SALT SPREADER"
11725,S11725,"SNOW SALT SPREADER"
11726,S11726,"SNOW SALT SPREADER"
11727,S11727,"SNOW SALT SPREADER"
11728,S11728,"SNOW SALT SPREADER"
11730,S11730,"SNOW SALT SPREADER"
11731,S11731,"SNOW SALT SPREADER"
11732,S11732,"SNOW SALT SPREADER"
11733,S11733,"SNOW SALT SPREADER"
11734,S11734,"SNOW SALT SPREADER"
11735,S11735,"SNOW SALT SPREADER"
11736,S11736,"SNOW SALT SPREADER"
11737,S11737,"SNOW SALT SPREADER"
11738,S11738,"SNOW SALT SPREADER"
11739,S11739,"SNOW SALT SPREADER"
11740,S11740,"SNOW SALT SPREADER"
11741,S11741,"SNOW SALT SPREADER"
11742,S11742,"SNOW SALT SPREADER"
11743,S11743,"SNOW SALT SPREADER"
11745,S11745,"SNOW SALT SPREADER"
11746,S11746,"SNOW SALT SPREADER"
11747,S11747,"SNOW SALT SPREADER"
11748,S11748,"SNOW SALT SPREADER"
11749,S11749,"SNOW SALT SPREADER"
11750,S11750,"SNOW SALT SPREADER"
11751,S11751,"SNOW SALT SPREADER"
11752,S11752,"SNOW SALT SPREADER"
11753,S11753,"SNOW SALT SPREADER"
11754,S11754,"SNOW SALT SPREADER"
11755,S11755,"SNOW SALT SPREADER"
11756,S11756,"SNOW SALT SPREADER"
11757,S11757,"SNOW SALT SPREADER"
11758,S11758,"SNOW SALT SPREADER"
11855,S11855,"SNOW SALT SPREADER"
11856,S11856,"SNOW SALT SPREADER"
11859,S11859,"SNOW SALT SPREADER"
11861,S11861,"SNOW SALT SPREADER"
11862,S11862,"SNOW SALT SPREADER"
11863,S11863,"SNOW SALT SPREADER"
11864,S11864,"SNOW SALT SPREADER"
11867,S11867,"SNOW SALT SPREADER"
11868,S11868,"SNOW SALT SPREADER"
11869,S11869,"SNOW SALT SPREADER"
11874,S11874,"SNOW SALT SPREADER"
11875,S11875,"SNOW SALT SPREADER"
11877,S11877,"SNOW SALT SPREADER"
11878,S11878,"SNOW SALT SPREADER"
11880,S11880,"SNOW SALT SPREADER"
11881,S11881,"SNOW SALT SPREADER"
11882,S11882,"SNOW SALT SPREADER"
11883,S11883,"SNOW SALT SPREADER"
11885,S11885,"SNOW SALT SPREADER"
11886,S11886,"SNOW SALT SPREADER"
11887,S11887,"SNOW SALT SPREADER"
11888,S11888,"SNOW SALT SPREADER"
11889,S11889,"SNOW SALT SPREADER"
11890,S11890,"SNOW SALT SPREADER"
11891,S11891,"SNOW SALT SPREADER"
11892,S11892,"SNOW SALT SPREADER"
11893,S11893,"SNOW SALT SPREADER"
11894,S11894,"SNOW SALT SPREADER"
11895,S11895,"SNOW SALT SPREADER"
11896,S11896,"SNOW SALT SPREADER"
11897,S11897,"SNOW SALT SPREADER"
11898,S11898,"SNOW SALT SPREADER"
11900,S11900,"SNOW SALT SPREADER"
11902,S11902,"SNOW SALT SPREADER"
11903,S11903,"SNOW SALT SPREADER"
11904,S11904,"SNOW SALT SPREADER"
11905,S11905,"SNOW SALT SPREADER"
11906,S11906,"SNOW SALT SPREADER"
11907,S11907,"SNOW SALT SPREADER"
11909,S11909,"SNOW SALT SPREADER"
11910,S11910,"SNOW SALT SPREADER"
11911,S11911,"SNOW SALT SPREADER"
11912,S11912,"SNOW SALT SPREADER"
11914,S11914,"SNOW SALT SPREADER"
11915,S11915,"SNOW SALT SPREADER"
11916,S11916,"SNOW SALT SPREADER"
11917,S11917,"SNOW SALT SPREADER"
11918,S11918,"SNOW SALT SPREADER"
11919,S11919,"SNOW SALT SPREADER"
11920,S11920,"SNOW SALT SPREADER"
11921,S11921,"SNOW SALT SPREADER"
11922,S11922,"SNOW SALT SPREADER"
11923,S11923,"SNOW SALT SPREADER"
11924,S11924,"SNOW SALT SPREADER"
11925,S11925,"SNOW SALT SPREADER"
11926,S11926,"SNOW SALT SPREADER"
11927,S11927,"SNOW SALT SPREADER"
11928,S11928,"SNOW SALT SPREADER"
11929,S11929,"SNOW SALT SPREADER"
11930,S11930,"SNOW SALT SPREADER"
11931,S11931,"SNOW SALT SPREADER"
11932,S11932,"SNOW SALT SPREADER"
11933,S11933,"SNOW SALT SPREADER"
11934,S11934,"SNOW SALT SPREADER"
11940,S11940,"SNOW SALT SPREADER"
11941,S11941,"SNOW SALT SPREADER"
11942,S11942,"SNOW SALT SPREADER"
11943,S11943,"SNOW SALT SPREADER"
11944,S11944,"SNOW SALT SPREADER"
11945,S11945,"SNOW SALT SPREADER"
11946,S11946,"SNOW SALT SPREADER"
11947,S11947,"SNOW SALT SPREADER"
11948,S11948,"SNOW SALT SPREADER"
11949,S11949,"SNOW SALT SPREADER"
11950,S11950,"SNOW SALT SPREADER"
11951,S11951,"SNOW SALT SPREADER"
11952,S11952,"SNOW SALT SPREADER"
11953,S11953,"SNOW SALT SPREADER"
11954,S11954,"SNOW SALT SPREADER"
11955,S11955,"SNOW SALT SPREADER"
11956,S11956,"SNOW SALT SPREADER"
11957,S11957,"SNOW SALT SPREADER"
11958,S11958,"SNOW SALT SPREADER"
11959,S11959,"SNOW SALT SPREADER"
11960,S11960,"SNOW SALT SPREADER"
11961,S11961,"SNOW SALT SPREADER"
11962,S11962,"SNOW SALT SPREADER"
11963,S11963,"SNOW SALT SPREADER"
11964,S11964,"SNOW SALT SPREADER"
11965,S11965,"SNOW SALT SPREADER"
11966,S11966,"SNOW SALT SPREADER"
11967,S11967,"SNOW SALT SPREADER"
11968,S11968,"SNOW SALT SPREADER"
11969,S11969,"SNOW SALT SPREADER"
11970,S11970,"SNOW SALT SPREADER"
11971,S11971,"SNOW SALT SPREADER"
11973,S11973,"SNOW SALT SPREADER"
11974,S11974,"SNOW SALT SPREADER"
11975,S11975,"SNOW SALT SPREADER"
11976,S11976,"SNOW SALT SPREADER"
11977,S11977,"SNOW SALT SPREADER"
11978,S11978,"SNOW SALT SPREADER"
11979,S11979,"SNOW SALT SPREADER"
11980,S11980,"SNOW SALT SPREADER"
11981,S11981,"SNOW SALT SPREADER"
11982,S11982,"SNOW SALT SPREADER"
11983,S11983,"SNOW SALT SPREADER"
11984,S11984,"SNOW SALT SPREADER"
11985,S11985,"SNOW SALT SPREADER"
11986,S11986,"SNOW SALT SPREADER"
11987,S11987,"SNOW SALT SPREADER"
11988,S11988,"SNOW SALT SPREADER"
11989,S11989,"SNOW SALT SPREADER"
13201,S13201,"SNOW 4X4"
13202,S13202,"SNOW 4X4"
13203,S13203,"SNOW 4X4"
13204,S13204,"SNOW 4X4"
13205,S13205,"SNOW 4X4"
13206,S13206,"SNOW 4X4"
13207,S13207,"SNOW 4X4"
13208,S13208,"SNOW 4X4"
13209,S13209,"SNOW 4X4"
13210,S13210,"SNOW 4X4"
13211,S13211,"SNOW 4X4"
13213,S13213,"SNOW 4X4"
13215,S13215,"SNOW 4X4"
13217,S13217,"SNOW 4X4"
13219,S13219,"SNOW 4X4"
13223,S13223,"SNOW 4X4"
13224,S13224,"SNOW 4X4"
13225,S13225,"SNOW 4X4"
13226,S13226,"SNOW 4X4"
13227,S13227,"SNOW 4X4"
13228,S13228,"SNOW 4X4"
13229,S13229,"SNOW 4X4"
13230,S13230,"SNOW 4X4"
13231,S13231,"SNOW 4X4"
13232,S13232,"SNOW 4X4"
13264,S13264,"SNOW 4X4"
13265,S13265,"SNOW 4X4"
13267,S13267,"SNOW 4X4"
13268,S13268,"SNOW 4X4"
13270,S13270,"SNOW 4X4"
13271,S13271,"SNOW 4X4"
13272,S13272,"SNOW 4X4"
19990,S19990,"SNOW SALT SPREADER"
19991,S19991,"SNOW SALT SPREADER"
